{"cameraMode":{"drawMode":0,"name":"Shaded","section":"Shading Mode"},"sceneLighting":true,"audioPlay":false,"sceneViewState":{"showFog":true,"showMaterialUpdate":false,"showSkybox":true,"showFlares":true,"showImageEffects":true,"showParticleSystems":true},"in2DMode":false,"pivot":{"x":-5.22967004776001,"y":1.2111990451812745,"z":-5.686866760253906},"rotation":{"x":-0.27844157814979555,"y":-0.029674962162971498,"z":0.008607420139014721,"w":-0.9599560499191284},"size":4.041658401489258,"orthographic":false}