{"cameraMode":{"drawMode":0,"name":"Shaded","section":"Shading Mode"},"sceneLighting":true,"audioPlay":false,"sceneViewState":{"showFog":true,"showMaterialUpdate":false,"showSkybox":true,"showFlares":true,"showImageEffects":true,"showParticleSystems":true},"in2DMode":false,"pivot":{"x":-5.281773567199707,"y":1.9103093147277833,"z":-7.041677951812744},"rotation":{"x":-0.25012269616127016,"y":0.4559289216995239,"z":-0.13521619141101838,"w":-0.8433765769004822},"size":4.739264488220215,"orthographic":false}