{"cameraMode":{"drawMode":0,"name":"Shaded","section":"Shading Mode"},"sceneLighting":true,"audioPlay":false,"sceneViewState":{"showFog":true,"showMaterialUpdate":false,"showSkybox":true,"showFlares":true,"showImageEffects":true,"showParticleSystems":true},"in2DMode":false,"pivot":{"x":-4.588192939758301,"y":1.909859538078308,"z":-7.381021499633789},"rotation":{"x":-0.15136739611625672,"y":0.5053127408027649,"z":-0.09054873883724213,"w":-0.8447176814079285},"size":4.041658401489258,"orthographic":false}